,gs publications,scival publications,GS ONLY publications,SCIVAL ONLY publications,shared publications
0,Coexpression analysis of human genes across many microarray data sets,Open science in play and in tension with patent protections,analysis of gene networks in schizophrenia and the challenge of multifunctionality,coexpresion analysis of human genes across many microarray data sets,whole genome sequencing and variant discovery in the aspire autism spectrum disorder cohort
1,Molecular and functional heterogeneity of hyperpolarization-activated pacemaker channels in the mouse CNS,The Canadian Open Neuroscience Platform-An open science framework for the neuroscience community,a critical assessment of single cell transcriptomes sampled following patch clamp electrophysiology,the impact of multifunctional genes on guilt by association analysis,altered hippocampal transcript profile accompanies an age related spatial memory deficit in mice
2,Altered brain microRNA biogenesis contributes to phenotypic deficits in a 22q11-deletion mouse model,Characterizing the targets of transcription regulators by aggregating ChIP-seq and perturbation expression data sets,ps73 changes in neuronal densities underlying transcriptional alterations in psychiatric patients,promoter region based classification of genes,untangling the effects of cellular composition on coexpression analysis
3,Zac1 regulates an imprinted gene network critically involved in the control of embryonic growth,In silico discovery of small molecules for efficient stem cell differentiation into definitive endoderm,cutting edge stat6 serves as a positive and,whose sample is it anyway widespread misannotation of samples in transcriptomics studies version 1 referees 2 approved,learning gene functional classifications from multiple data types
4,Gene functional classification from heterogeneous data,ModelMatcher: A scientist-centric online platform to facilitate collaborations between stakeholders of rare and undiagnosed disease research,analysis of gene expression profiles in schizophrenia using a large combined cohort,corrigendum to cortical functional connectivity decodes subconscious task irrelevant threat related emotion processing neuroimage 61 4 2012 1355 1363 s1053811912003321 10 1016 j neuroimage 2012 03 051,experimental comparison and cross validation of the affymetrix and illumina gene expression analysis platforms
5,Matrix2png: a utility for visualizing matrix data,Evaluation of connectivity map shows limited reproducibility in drug repositioning,coexpression based gene discovery in the post synaptic proteome,transcriptomic responses to high water temperature in two species of pacific salmon,using the gene ontology for microarray data mining a comparison of methods and application to age effects in human prefrontal cortex
6,An expanded evaluation of protein function prediction methods shows an improvement in accuracy,“Guilt by association” is not competitive with genetic association for identifying autism risk genes,basal and apical synapses of ca1 pyramidal cells employ different,gene expression in juvenile arthritis and spondyloarthropathy pro angiogenic elr sup sup chemokine genes relate to course of arthritis,using predictive specificity to determine when gene set analysis is biologically meaningful
7,De novo mutations in schizophrenia implicate chromatin remodeling and support a genetic overlap with autism and intellectual disability,Experiment level curation of transcriptional regulatory interactions in neurodevelopment,drosophila mutations affecting electrical excitability,,network analyses reveal pervasive functional regulation between proteases in the human protease web
8,ErmineJ: tool for functional analysis of gene expression data sets,Estimating and Correcting for Off-Target Cellular Contamination in Brain Cell Type Specific RNA-Seq Data,coexpression analysis of human genes across many microarray data sets,,gene expression signatures in polyarticular juvenile idiopathic arthritis demonstrate disease heterogeneity and offer a molecular classification of disease subsets
9,Learning gene functional classifications from multiple data types,"Multi-parametric analysis of 57 SYNGAP1 variants reveal impacts on GTPase signaling, localization, and protein stability",corrigendum to cortical functional connectivity decodes subconscious task irrelevant threat related emotion processing neuroimage 61 4 2012 1355 1363,,gene expression signatures in chronic and aggressive periodontitis a pilot study
10,Analysis of strain and regional variation in gene expression in mouse brain,Curation of over 10 000 transcriptomic studies to enable data reuse,nar molecular biology database collection entry number 1476,,the canadian open neuroscience platform an open science framework for the neuroscience community
11,Activation of MAPK pathways links LMNA mutations to cardiomyopathy in Emery-Dreifuss muscular dystrophy,Multi-model functionalization of disease-associated PTEN missense mutations identifies multiple molecular mechanisms underlying protein dysfunction,crosslaboratory comparison of human postmortem brain expression profiling data,,can we predict protein from mrna levels
12,Experimental comparison and cross-validation of the Affymetrix and Illumina gene expression analysis platforms,A low affinity cis-regulatory bmp response element restricts target gene activation to subsets of drosophila neurons.,data from assessing identity redundancy and confounds in gene ontology annotations over time,,mirna and mirna target genes in copy number variations occurring in individuals with intellectual disability
13,Inducible enhancement of memory storage and synaptic plasticity in transgenic mice expressing an inhibitor of ATF4 (CREB-2) and C/EBP proteins,Untangling the effects of cellular composition on coexpression analysis,large scale network and machine learning analyses reveal functional connectivity between temporal pole and hippocampus is reduced in social anxiety disorder and increases,,sex genes for genomic analysis in human brain internal controls for comparison of probe level data extraction
14,miR-1202 is a primate-specific and brain-enriched microRNA involved in major depression and antidepressant treatment,Single-nucleus transcriptomics of the prefrontal cortex in major depressive disorder implicates oligodendrocyte precursor cells and excitatory neurons,database editorial board 2010,,sharing and reusing gene expression profiling data in neuroscience
15,Using the gene ontology for microarray data mining: a comparison of methods and application to age effects in human prefrontal cortex,The Canadian Rare Diseases Models and Mechanisms (RDMM) Network: Connecting Understudied Genes to Model Organisms,supplemental data zac1 regulates an imprinted gene network critically involved in the control of embryonic growth,,exploring gene expression data with class scores
16,Transcriptional and behavioral interaction between 22q11. 2 orthologs modulates schizophrenia-related phenotypes in mice,Systematic phenomics analysis of autism-associated genes reveals parallel networks underlying reversible impairments in habituation,isdn2014_0418 dna methylation changes in fetal alcohol spectrum disorder,,prenatal alcohol exposure alters steady state and activated gene expression in the adult rat brain
17,Hierarchical model of gene regulation by transforming growth factor β,VariCarta: A Comprehensive Database of Harmonized Genomic Variants Found in Autism Spectrum Disorder Sequencing Studies,gene ontology matrices with descriptions ids etc from guilt by association is the exception rather than the rule in gene networks gillis j and pavlidis p 2012 plos,,using text mining to link journal articles to neuroanatomical databases
18,Single-nucleus transcriptomics of the prefrontal cortex in major depressive disorder implicates oligodendrocyte precursor cells and excitatory neurons,Mega-analysis of gene expression in mouse models of Alzheimer’S disease,whose sample is it anyway widespread misannotation of samples in transcriptomics studies,,gene expression profiling of depression and suicide in human prefrontal cortex
19,“Guilt by association” is the exception rather than the rule in gene networks,Transcriptomic correlates of electrophysiological and morphological diversity within and across excitatory and inhibitory neuron classes,changes in neuronal densities underlying transcriptional alterations in psychiatric patients,,activation of mapk in hearts of emd null mice similarities between mouse models of x linked and autosomal dominant emery dreifuss muscular dystrophy
20,Molecular aging in human prefrontal cortex is selective and continuous throughout adult life,Whole genome sequencing and variant discovery in the ASPIRE autism spectrum disorder cohort,differential gene expression in schizophrenia and bipolar disorder in the corpus callosum,,analysis of strain and regional variation in gene expression in mouse brain
21,Classification and subtype prediction of adult soft tissue sarcoma by functional genomics,Predictability of human differential gene expression,transcriptomic responses to high water temperature in two species of p acific salmon,,decoding unattended fearful faces with whole brain correlations an approach to identify condition dependent large scale functional connectivity
22,Gene ontology term overlap as a measure of gene functional similarity,Differential coexpression in human tissues and the confounding effect of mean expression levels,large scale analysis of brain wide electrophysiological diversity reveals novel characterization of mammalian neuron types,,experiment level curation of transcriptional regulatory interactions in neurodevelopment
23,Genomic signatures predict migration and spawning failure in wild Canadian salmon,Transcriptomic Evidence for Alterations in Astrocytes and Parvalbumin Interneurons in Subjects With Bipolar Disorder and Schizophrenia,supplementary information for,,modeling sources of interlaboratory variability in electrophysiological properties of mammalian neurons
24,"The Drosophila easily shocked gene: a mutation in a phospholipid synthetic pathway causes seizure, neuronal failure, and paralysis",C-terminal truncation of IFN-γ inhibits proinflammatory macrophage responses and is deficient in autoimmune disease,gist support vector machine and kernel principal components analysis software toolkit,,guilt by association is the exception rather than the rule in gene networks
25,Pair recordings reveal all-silent synaptic connections and the postsynaptic expression of long-term potentiation,Assessing Transcriptome Quality in Patch-Seq Datasets,programming of neural gene expression response to adjuvant induced arthritis by prenatal diet in a rat model of prenatal alcohol exposure,,large scale analysis of gene expression and connectivity in the rodent brain insights through data integration
26,The Impact of Multifunctional Genes on,Systematic evaluation of isoform function in literature reports of alternative splicing,systematic phenomics analysis of asd associated genes reveals shared functions and parallel networks underlying reversible impairments in habituation learning,,the canadian rare diseases models and mechanisms rdmm network connecting understudied genes to model organisms
27,Classification of clear-cell sarcoma as a subtype of melanoma by genomic profiling,Monitoring changes in the Gene Ontology and their impact on genomic data analysis,gene expression in lens epithelial cell lines conditioned to survive h2o2 or tbhp,,mega analysis of gene expression in mouse models of alzheimer s disease
28,Subtype‐specific peripheral blood gene expression profiles in recent‐onset juvenile idiopathic arthritis,Modeling sources of interlaboratory variability in electrophysiological properties of mammalian neurons,application and evaluation of automated methods to extract brain connectivity statements from free text,,estimating and correcting for off target cellular contamination in brain cell type specific rna seq data
29,The effect of replication on gene expression microarray experiments,DNA methylation as a predictor of fetal alcohol spectrum disorder,the impact of multifunctional genes on,,dna methylation signature of human fetal alcohol spectrum disorder
30,Can we predict protein from mRNA levels?,Unpacking the Heterogeneity of Cognitive Functioning in Children and Adolescents with Fetal Alcohol Spectrum Disorder: Determining the Role of Moderators and Strengths,identification of three distinct blood mononuclear cell gene expression signatures reveals heterogeneity of recent onset polyarticular juvenile idiopathic arthritis,,single nucleus transcriptomics of the prefrontal cortex in major depressive disorder implicates oligodendrocyte precursor cells and excitatory neurons
31,Transcriptomes in healthy and diseased gingival tissues,Cross-laboratory analysis of brain cell type transcriptomes with applications to interpretation of bulk tissue data,availability this version is available at http porto polito it 2649752 since september 2016,,differential coexpression in human tissues and the confounding effect of mean expression levels
32,Using ANOVA for gene selection from microarray studies of the nervous system,Transcriptomic correlates of neuron electrophysiological diversity,follow up progress and challenges in the,,varicarta a comprehensive database of harmonized genomic variants found in autism spectrum disorder sequencing studies
33,Altered hippocampal transcript profile accompanies an age-related spatial memory deficit in mice,A p53-regulated apoptotic gene signature predicts treatment response and outcome in pediatric acute lymphoblastic leukemia,gp 5 10 mapk signaling pathway is commonly activated in hearts of mouse models of autosomal dominant and x linked emery dreifuss muscular dystrophy,,microarray analysis of gene expression following the formalin test in the infant rat
34,Histone deacetylase inhibition elicits an evolutionarily conserved self-renewal program in embryonic stem cells,Can we predict protein from mRNA levels?,interpreting cell type specific changes in bulk tissue transcriptomics data,,a mendelian locus on chromosome 16 determines susceptibility to doxorubicin nephropathy in the mouse
35,Diverse epigenetic strategies interact to control epidermal differentiation,Protease-inhibitor interaction predictions: Lessons on the complexity of protein-Protein interactions,a primate specific and brain enriched mirna is involved in depression and regulates the expression of grm4,,classification of clear cell sarcoma as a subtype of melanoma by genomic profiling
36,Support vector machine classification on the web,Using predictive specificity to determine when gene set analysis is biologically meaningful,cross validation calculation from guilt by association is the exception rather than the rule in gene networks gillis j and pavlidis p 2012 plos computational biology 8 3,,presynaptic protein kinase activity supports long term potentiation at synapses between individual hippocampal neurons
37,Exploring gene expression data with class scores,EGAD: Ultra-fast functional analysis of gene networks,use case the postsynaptic proteome from assessing identity redundancy and confounds in gene ontology annotations over time,,progress and challenges in the computational prediction of gene function using networks
38,Network analyses reveal pervasive functional regulation between proteases in the human protease web,An expanded evaluation of protein function prediction methods shows an improvement in accuracy,p091 neurocarta online platform for integration and sharing of phenotypic and genomics information,,cluster analysis of genes with significant change in expression in cells conditioned to survive tbooh
39,Akt1 deficiency affects neuronal morphology and predisposes to abnormalities in prefrontal cortex functioning,"Interactive Exploration, Analysis, and Visualization of Complex Phenome–Genome Datasets with ASPIREdb",gene expression in juvenile arthritis and spondyloarthropathy pro angiogenic elr chemokine genes relate to course of arthritis,,meta analysis of gene expression in autism spectrum disorder
40,Cross-laboratory analysis of brain cell type transcriptomes with applications to interpretation of bulk tissue data,DNA methylation signature of human fetal alcohol spectrum disorder,supplemental data histone deacetylase inhibition elicits an evolutionarily conserved self renewal program in embryonic stem cells,,characterizing the state of the art in the computational assignment of gene function lessons from the first critical assessment of functional annotation cafa
41,DNA methylation signature of human fetal alcohol spectrum disorder,Meta-Analysis of Gene Expression Patterns in Animal Models of Prenatal Alcohol Exposure Suggests Role for Protein Synthesis Inhibition and Chromatin Remodeling,physiological behavioral and molecular analysis of bang sensitive paralytic mutants of drosophila melanogaster,,meta analysis of kindling induced gene expression changes in the rat hippocampus
42,Activation of MAPK in hearts of EMD null mice: similarities between mouse models of X-linked and autosomal dominant Emery–Dreifuss muscular dystrophy,Profiling placental and fetal DNA methylation in human neural tube defects,neurocarta aggregating and sharing disease gene relations for the interpretation of genomics studies,,subgingival bacterial colonization profiles correlate with gingival tissue gene expression
43,Seizures and failures in the giant fiber pathway of Drosophila bang-sensitive paralytic mutants,Linking wikidata to the rest of the semantic web,paul pavlidis and william stafford noble columbia genome center and department of computer science columbia university corresponding author,,gene ontology term overlap as a measure of gene functional similarity
44,Relationships between gene expression and brain wiring in the adult rodent brain,Whose sample is it anyway? Widespread misannotation of samples in transcriptomics studies [version 1; referees: 2 approved],sharing expression profiling data with gemma,,pair recordings reveal all silent synaptic connections and the postsynaptic expression of long term potentiation
45,Relationships between gene expression and brain wiring in the adult rodent brain,Wikidata as a semantic framework for the gene Wiki initiative,cognitive domains function complementation by ntng gene paralogs,,an expanded evaluation of protein function prediction methods shows an improvement in accuracy
46,"Gemma: a resource for the reuse, sharing and meta-analysis of expression profiling data",Secondary neurotransmitter deficiencies in epilepsy caused by voltage-gated sodium channelopathies: A potential treatment target?,figure data from the role of indirect connections in gene networks in predicting function gillis j and pavlidis p 2011 bioinformatics 27 13 pp 1860 1866,,systematic evaluation of isoform function in literature reports of alternative splicing
47,A Mendelian locus on chromosome 16 determines susceptibility to doxorubicin nephropathy in the mouse,Transcriptome sequencing of the anterior cingulate in bipolar disorder: Dysregulation of G protein-coupled receptors,network data from the role of indirect connections in gene networks in predicting function gillis j and pavlidis p 2011 bioinformatics 27 13 pp 1860 1866,,relationships between gene expression and brain wiring in the adult rodent brain
48,Gene expression profiling of depression and suicide in human prefrontal cortex,Meta-analysis of gene expression in Autism spectrum disorder,data and design files for 6 public datasets used in genome wide expression profiling of schizophrenia using a large combined cohort mistry m and gillis j and pavlidis p,,molecular aging in human prefrontal cortex is selective and continuous throughout adult life
49,Transcriptomic responses to high water temperature in two species of P acific salmon,Metaanalysis of flawed expression profiling data leading to erroneous Parkinson's biomarker identification,promoter re ion ased classification of enes,,matrix2png a utility for visualizing matrix data
50,Gene function analysis in complex data sets using ErmineJ,The path of no return—Truncated protein N-termini and current ignorance of their genesis,assessing the utility of pharmacogenetic testing in a cohort with treatment resistant schizophrenia or schizoaffective disorder,,fto obesity and the adolescent brain
51,Cutting edge: STAT6 serves as a positive and negative regulator of gene expression in IL-4-stimulated B lymphocytes,Text mining for neuroanatomy using whitetext with an updated corpus and a new web application,gist support vector machine 1 0,,the effect of replication on gene expression microarray experiments
52,Transcriptional changes in Huntington disease identified using genome-wide expression profiling and cross-platform analysis,Expansion of the QARS deficiency phenotype with report of a family with isolated supratentorial brain abnormalities,classification of clear cell sarcoma as melanoma of soft parts by genomic profiling,,text mining for neuroanatomy using whitetext with an updated corpus and a new web application
53,Proteome TopFIND 3.0 with TopFINDer and PathFINDer: database and analysis tools for the association of protein termini to pre-and post-translational events,Prenatal Alcohol Exposure Alters Steady-State and Activated Gene Expression in the Adult Rat Brain,molecular differences between chronic and aggressive periodontitis,,altered brain microrna biogenesis contributes to phenotypic deficits in a 22q11 deletion mouse model
54,Consequences of high temperatures and premature mortality on the transcriptome and blood physiology of wild adult sockeye salmon (Oncorhynchus nerka),Proteome TopFIND 3.0 with TopFINDer and PathFINDer: Database and analysis tools for the association of protein termini to pre- and post-translational events,combining microarray expression data and phylogenetic profiles to learn gene functional categories using support vector machines,,comparison of techniques for correlating survival and gene expression data from wild salmon
55,Gingival tissue transcriptomes identify distinct periodontitis phenotypes,"FTO, obesity, and the adolescent brain",general obstetrics and gynecology fetus placenta newborn a high throughput study of gene expression in preterm labor with a subtractive microarray approach the subtractive dna,,zac1 regulates an imprinted gene network critically involved in the control of embryonic growth
56,Genome-wide expression profiling of schizophrenia using a large combined cohort,Pitfalls in the application of gene-set analysis to genetics studies,variant selection gene exploration,,unpacking the heterogeneity of cognitive functioning in children and adolescents with fetal alcohol spectrum disorder determining the role of moderators and strengths
57,Predictability of human differential gene expression,Copy number variants (CNVs) analysis in a deeply phenotyped cohort of individuals with intellectual disability (ID),cataloging the potential functional diversity of cacna1e splice variants using long read sequencing,,transcriptional changes in huntington disease identified using genome wide expression profiling and cross platform analysis
58,Gene expression in juvenile arthritis and spondyloarthropathy: pro-angiogenic ELR+ chemokine genes relate to course of arthritis,Bias tradeoffs in the creation and analysis of protein-protein interaction networks,methodology for analyzing temporal patterns of differential coexpression using meta analysis,,metaanalysis of flawed expression profiling data leading to erroneous parkinson s biomarker identification
59,Meta-analysis of human methylomes reveals stably methylated sequences surrounding CpG islands associated with high gene expression,Transcriptomic responses to high water temperature in two species of Pacific salmon,neurocarta online plaiorm for integration and sharing of phenotypic and genomics information,,subtype specific peripheral blood gene expression profiles in recent onset juvenile idiopathic arthritis
60,PROMOTER RE ION-ASED CLASSIFICATION OF ENES,Meta-analysis of human methylomes reveals stably methylated sequences surrounding CpG islands associated with high gene expression,can machine learning aid in identifying disease genes the case of autism spectrum disorder,,classification and subtype prediction of adult soft tissue sarcoma by functional genomics
61,Transcriptomic evidence for alterations in astrocytes and parvalbumin interneurons in subjects with bipolar disorder and schizophrenia,MiR-1202 is a primate-specific and brain-enriched microRNA involved in major depression and antidepressant treatment,gene coexpression analysis in the frontal cortex of bipolar patients and controls,,gemma a resource for the reuse sharing and meta analysis of expression profiling data
62,Molecular differences between chronic and aggressive periodontitis,Network Analyses Reveal Pervasive Functional Regulation Between Proteases in the Human Protease Web,classification of genes using probabilistic models of microarray expression profiles,,genome wide expression profiling of schizophrenia using a large combined cohort
63,Subgingival bacterial colonization profiles correlate with gingival tissue gene expression,De novo mutations in schizophrenia implicate chromatin remodeling and support a genetic overlap with autism and intellectual disability,single cell genomic strategies to understand psychopathological processes in suicide and associated psychopathology,,assessing identity redundancy and confounds in gene ontology annotations over time
64,β-Catenin/TCF/Lef controls a differentiation-associated transcriptional program in renal epithelial progenitors,Gingival tissue transcriptomes identify distinct periodontitis phenotypes,gene lists from the role of indirect connections in gene networks in predicting function gillis j and pavlidis p 2011 bioinformatics 27 13 pp 1860 1866,,histone deacetylase inhibition elicits an evolutionarily conserved self renewal program in embryonic stem cells
65,The role of indirect connections in gene networks in predicting function,Progress and challenges in the computational prediction of gene function using networks: 2012-2013 update,cross scale mapping of gene expression to neuroimaging datasets via semantic decomposition,,monitoring changes in the gene ontology and their impact on genomic data analysis
66,DNA methylation as a predictor of fetal alcohol spectrum disorder,Meta-analysis of gene coexpression networks in the post-mortem prefrontal cortex of patients with schizophrenia and unaffected controls,gist,,modelmatcher a scientist centric online platform to facilitate collaborations between stakeholders of rare and undiagnosed disease research
67,Synaptic transmission in pair recordings from CA3 pyramidal cells in organotypic culture,MiRNA and miRNA target genes in copy number variations occurring in individuals with intellectual disability,varicarta a comprehensive database of harmonized genomic variants found in asd sequencing studies,,characterizing the targets of transcription regulators by aggregating chip seq and perturbation expression data sets
68,Wikidata as a semantic framework for the Gene Wiki initiative,Neuron-enriched gene expression patterns are regionally anti-correlated with oligodendrocyte-enriched patterns in the adult mouse and human brain,live demos in incf booth 4112 atsfn in san diego,,gene function analysis in complex data sets using erminej
69,Bioinformatic analysis of autism positional candidate genes using biological databases and computational gene network prediction,"Corrigendum to Cortical functional connectivity decodes subconscious, task-irrelevant threat related emotion processing [Neuroimage 61/4 (2012) 1355–1363] (S1053811912003321) (10.1016/j.neuroimage.2012.03.051))",toll like receptor 4 tlr4 dependent gene expression in a murine model of bacterially induced preterm labor,,inducible enhancement of memory storage and synaptic plasticity in transgenic mice expressing an inhibitor of atf4 creb 2 and c ebp proteins
70,Gene expression signatures in polyarticular juvenile idiopathic arthritis demonstrate disease heterogeneity and offer a molecular classification of disease subsets,Characterizing the state of the art in the computational assignment of gene function: Lessons from the first critical assessment of functional annotation (CAFA),whose sample is it anyway widespread misannotation of samples in transcriptomics studies version 1 referees awaiting,,de novo mutations in schizophrenia implicate chromatin remodeling and support a genetic overlap with autism and intellectual disability
71,Sex genes for genomic analysis in human brain: internal controls for comparison of probe level data extraction.,Neurocarta: Aggregating and sharing disease-gene relations for the neurosciences,gene lists from gillis j and pavlidis p 2012 plos computational biology 8 3,,seizures and failures in the giant fiber pathway of drosophila bang sensitive paralytic mutants
72,Bias tradeoffs in the creation and analysis of protein–protein interaction networks,"Assessing identity, redundancy and confounds in Gene Ontology annotations over time",a6 08 transcriptome profiling by next generation sequencing of hematopoietic progenitors in murine systemic lupus erythematosus sle,,assessing transcriptome quality in patch seq datasets
73,An ancestral haplotype defines susceptibility to doxorubicin nephropathy in the laboratory mouse,Genome-wide expression profiling of schizophrenia using a large combined cohort,gene ontology matrices from the role of indirect connections in gene networks in predicting function gillis j and pavlidis p 2011 bioinformatics 27 13 pp 1860 1866,,basal and apical synapses of ca1 pyramidal cells employ different ltp induction mechanisms
74,"Assessing identity, redundancy and confounds in Gene Ontology annotations over time","FTO, obesity and the adolescent brain",effect of electroconvulsive shock and magnetic seizure on gene expression profiles in the prefrontal cortex of the rhesus monkey,,a cross laboratory comparison of expression profiling data from normal human postmortem brain
75,EGAD: ultra-fast functional analysis of gene networks,Application and evaluation of automated methods to extract neuroanatomical connectivity statements from free text,samples in transcriptomics studies version 1 referees 2,,the neurodevnet neuroinformatics core
76,Understanding the impact of 1q21. 1 copy number variant,KCTD8 gene and brain growth in adverse intrauterine environment: A genome-wide association study,application of large scale text mining and curation for extracting neuronal electrophysiology data,,bias tradeoffs in the creation and analysis of protein protein interaction networks
77,Meta-analysis of gene coexpression networks in the post-mortem prefrontal cortex of patients with schizophrenia and unaffected controls,Progress and challenges in the computational prediction of gene function using networks,whose sample is it anyway widespread misannotation of samples in transcriptomics studies version 2 peer review,,proteome topfind 3 0 with topfinder and pathfinder database and analysis tools for the association of protein termini to pre and post translational events
78,Periodontal therapy alters gene expression of peripheral blood monocytes,"Gemma: A resource for the reuse, sharing and meta-analysis of expression profiling data",decoding unattended fearful faces with whole brain correlations an approach to identify condition,,egad ultra fast functional analysis of gene networks
79,C-terminal truncation of IFN-γ inhibits proinflammatory macrophage responses and is deficient in autoimmune disease,"Cortical functional connectivity decodes subconscious, task-irrelevant threat-related emotion processing",supplementary santiago potashkin 2015 reanalysis,,wikidata as a semantic framework for the gene wiki initiative
80,"FTO, obesity and the adolescent brain",Consequences of high temperatures and premature mortality on the transcriptome and blood physiology of wild adult sockeye salmon (Oncorhynchus nerka),cellular and molecular properties of neurons modeling sources of interlaboratory variability in electrophysiological properties of mammalian neurons,,integration of neuroimaging and microarray datasets through mapping and model theoretic semantic decomposition of unstructured phenotypes
81,Transcriptomic correlates of neuron electrophysiological diversity,Diverse epigenetic strategies interact to control epidermal differentiation,michael smith laboratories university of british columbia vancouver bc canada department of psychiatry university of british columbia vancouver bc canada corresponding,,multi parametric analysis of 57 syngap1 variants reveal impacts on gtpase signaling localization and protein stability
82,Characterizing the state of the art in the computational assignment of gene function: lessons from the first critical assessment of functional annotation (CAFA),Using text mining to link journal articles to neuroanatomical databases,ôø å òù ö ôø,,akt1 deficiency affects neuronal morphology and predisposes to abnormalities in prefrontal cortex functioning
83,Profiling placental and fetal DNA methylation in human neural tube defects,Comparison of techniques for correlating survival and gene expression data from wild salmon,systematic phenomics analysis of asd associated genes reveals shared functions and,,open science in play and in tension with patent protections
84,A high-throughput study of gene expression in preterm labor with a subtractive microarray approach,"""Guilt by association"" is the exception rather than the rule in gene networks",experiment level curation identifies high confidence transcriptional regulatory interactions in neurodevelopment,,c terminal truncation of ifn γ inhibits proinflammatory macrophage responses and is deficient in autoimmune disease
85,Presynaptic protein kinase activity supports long-term potentiation at synapses between individual hippocampal neurons,Decoding unattended fearful faces with whole-brain correlations: An approach to identify condition-dependent large-scale functional connectivity,single cell genomic strategies to understand psychopathological processes in depression and suicide,,expansion of the qars deficiency phenotype with report of a family with isolated supratentorial brain abnormalities
86,Meta‐analysis of gene expression in autism spectrum disorder,Understanding the impact of 1q21.1 copy number variant,exceptional edges matrices from guilt by association is the exception rather than the rule in gene networks gillis j and pavlidis p 2012 plos computational biology 8 3,,protease inhibitor interaction predictions lessons on the complexity of protein protein interactions
87,Decoding unattended fearful faces with whole-brain correlations: an approach to identify condition-dependent large-scale functional connectivity,Large-scale analysis of gene expression and connectivity in the rodent brain: Insights through data integration,multi model functionalization of 106 pten missense mutations identifies multiple molecular mechanisms underlying protein dysfunction,,dna methylation as a predictor of fetal alcohol spectrum disorder
88,Decoding unattended fearful faces with whole-brain correlations: an approach to identify condition-dependent large-scale functional connectivity,The role of indirect connections in gene networks in predicting function,tu71 significant incidence of rare chromosomal and genomic sequence variants in highly treatment resistant schizophrenia and schizoaffective disorder,,support vector machine classification on the web
89,Systematic phenomics analysis of autism-associated genes reveals parallel networks underlying reversible impairments in habituation,The NeuroDevNet Neuroinformatics Core,11 changes in cellular abundance underlying transcriptional alterations in psychiatric patients,,meta analysis of gene expression patterns in animal models of prenatal alcohol exposure suggests role for protein synthesis inhibition and chromatin remodeling
90,KCTD8 Gene and Brain Growth in Adverse Intrauterine Environment: A Genome-wide Association Study,"The impact of multifunctional genes on guilt ""by association ""analysis",,,an ancestral haplotype defines susceptibility to doxorubicin nephropathy in the laboratory mouse
91,Gene expression signatures in chronic and aggressive periodontitis: a pilot study,Genomic signatures predict migration and spawning failure in wild canadian salmon,,,mir 1202 is a primate specific and brain enriched microrna involved in major depression and antidepressant treatment
92,Transcriptome sequencing of the anterior cingulate in bipolar disorder: dysregulation of G protein-coupled receptors,Relationships between gene expression and brain wiring in the adult rodent brain,,,transcriptional and behavioral interaction between 22q11 2 orthologs modulates schizophrenia related phenotypes in mice
93,The path of no return—Truncated protein N‐termini and current ignorance of their genesis,Outcome of array CGH analysis for 255 subjects with intellectual disability and search for candidate genes using bioinformatics,,,differential amplification of gene expression in lens cell lines conditioned to survive peroxide stress
94,Basal and apical synapses of CA1 pyramidal cells employ different LTP induction mechanisms.,Gene function analysis in complex data sets using ermineJ,,,cutting edge stat6 serves as a positive and negative regulator of gene expression in il 4 stimulated b lymphocytes
95,Secondary neurotransmitter deficiencies in epilepsy caused by voltage-gated sodium channelopathies: a potential treatment target?,A cross-laboratory comparison of expression profiling data from normal human postmortem brain,,,predictability of human differential gene expression
96,"Cortical functional connectivity decodes subconscious, task-irrelevant threat-related emotion processing",Transcriptional changes in Huntington disease identified using genome-wide expression profiling and cross-platform analysis,,,bioinformatics techniques in microarray research applied microarray data analysis using r and sas software
97,Differential amplification of gene expression in lens cell lines conditioned to survive peroxide stress,Bioinformatics techniques in microarray research: applied microarray data analysis using R and SAS software.,,,automated recognition of brain region mentions in neuroscience literature
98,Whose sample is it anyway? Widespread misannotation of samples in transcriptomics studies,Meta-analysis of kindling-induced gene expression changes in the rat hippocampus,,,the path of no return truncated protein n termini and current ignorance of their genesis
99,Granulocyte chemotactic protein 2 (gcp‐2/cxcl6) complements interleukin‐8 in periodontal disease,Subgingival bacterial colonization profiles correlate with gingival tissue gene expression,,,understanding the impact of 1q21 1 copy number variant
100,Using predictive specificity to determine when gene set analysis is biologically meaningful,A methodology for the analysis of differential coexpression across the human lifespan,,,transcriptome sequencing of the anterior cingulate in bipolar disorder dysregulation of g protein coupled receptors
101,Systematic evaluation of isoform function in literature reports of alternative splicing,Automated recognition of brain region mentions in neuroscience literature,,,transcriptomic correlates of neuron electrophysiological diversity
102,Large-scale analysis of gene expression and connectivity in the rodent brain: insights through data integration,Granulocyte chemotactic protein 2 (gcp-2/cxcl6) complements interleukin-8 in periodontal disease,,,erminej tool for functional analysis of gene expression data sets
103,Large-Scale Analysis of Gene Expression and Connectivity in the Rodent Brain: Insights through Data Integration,Subtype-specific peripheral blood gene expression profiles in recent-onset juvenile idiopathic arthritis,,,neuron enriched gene expression patterns are regionally anti correlated with oligodendrocyte enriched patterns in the adult mouse and human brain
104,Prenatal alcohol exposure alters steady‐state and activated gene expression in the adult rat brain,Gene expression signatures in polyarticular juvenile idiopathic arthritis demonstrate disease heterogeneity and offer a molecular classification of disease subsets,,,secondary neurotransmitter deficiencies in epilepsy caused by voltage gated sodium channelopathies a potential treatment target
105,miRNA and miRNA target genes in copy number variations occurring in individuals with intellectual disability,Application and evaluation of automated semantic annotation of gene expression experiments,,,informatics in neuroscience
106,Multi-model functionalization of disease-associated PTEN missense mutations identifies multiple molecular mechanisms underlying protein dysfunction,Histone Deacetylase Inhibition Elicits an Evolutionarily Conserved Self-Renewal Program in Embryonic Stem Cells,,,kctd8 gene and brain growth in adverse intrauterine environment a genome wide association study
107,Neuron-enriched gene expression patterns are regionally anti-correlated with oligodendrocyte-enriched patterns in the adult mouse and human brain,Integration of neuroimaging and microarray datasets through mapping and model-theoretic semantic decomposition of unstructured phenotypes,,,pitfalls in the application of gene set analysis to genetics studies
108,Outcome of array CGH analysis for 255 subjects with intellectual disability and search for candidate genes using bioinformatics,Gene Ontology term overlap as a measure of gene functional similarity,,,neurocarta aggregating and sharing disease gene relations for the neurosciences
109,A cross-laboratory comparison of expression profiling data from normal human postmortem brain,Altered brain microRNA biogenesis contributes to phenotypic deficits in a 22q11-deletion mouse model,,,synaptic transmission in pair recordings from ca3 pyramidal cells in organotypic culture
110,The Canadian rare diseases models and mechanisms (RDMM) network: connecting understudied genes to model organisms,Transcriptomes in healthy and diseased gingival tissues,,,meta analysis of human methylomes reveals stably methylated sequences surrounding cpg islands associated with high gene expression
111,Informatics in neuroscience,Informatics in neuroscience,,,copy number variants cnvs analysis in a deeply phenotyped cohort of individuals with intellectual disability id
112,Automated recognition of brain region mentions in neuroscience literature,Sharing and reusing gene expression profiling data in neuroscience,,,cortical functional connectivity decodes subconscious task irrelevant threat related emotion processing
113,Automated recognition of brain region mentions in neuroscience literature,β-catenin/TCF/Lef controls a differentiation-associated transcriptional program in renal epithelial progenitors,,,curation of over 10 000 transcriptomic studies to enable data reuse
114,Untangling the effects of cellular composition on coexpression analysis,Periodontal therapy alters gene expression of peripheral blood monocytes,,,guilt by association is not competitive with genetic association for identifying autism risk genes
115,Assessing transcriptome quality in patch-seq datasets,Activation of MAPK in hearts of EMD null mice: Similarities between mouse models of X-linked and autosomal dominant Emery - Dreifuss muscular dystrophy,,,molecular and functional heterogeneity of hyperpolarization activated pacemaker channels in the mouse cns
116,Application and evaluation of automated methods to extract neuroanatomical connectivity statements from free text,Activation of MAPK pathways links LMNA mutations to cardiomyopathy in Emery-Dreifuss muscular dystrophy,,,application and evaluation of automated semantic annotation of gene expression experiments
117,Evaluation of connectivity map shows limited reproducibility in drug repositioning,Akt1 deficiency affects neuronal morphology and predisposes to abnormalities in prefrontal cortex functioning,,,bioinformatic analysis of autism positional candidate genes using biological databases and computational gene network prediction
118,Progress and challenges in the computational prediction of gene function using networks,An ancestral haplotype defines susceptibility to doxorubicin nephropathy in the laboratory mouse,,,a high throughput study of gene expression in preterm labor with a subtractive microarray approach
119,Text mining for neuroanatomy using WhiteText with an updated corpus and a new web application,Zac1 Regulates an Imprinted Gene Network Critically Involved in the Control of Embryonic Growth,,,granulocyte chemotactic protein 2 gcp 2 cxcl6 complements interleukin 8 in periodontal disease
120,Transcriptomic correlates of electrophysiological and morphological diversity within and across excitatory and inhibitory neuron classes,Experimental comparison and cross-validation of the Affymetrix and Illumina gene expression analysis platforms,,,a methodology for the analysis of differential coexpression across the human lifespan
121,Meta‐Analysis of Gene Expression Patterns in Animal Models of Prenatal Alcohol Exposure Suggests Role for Protein Synthesis Inhibition and Chromatin Remodeling,ErmineJ: Tool for functional analysis of gene expression data sets,,,application and evaluation of automated methods to extract neuroanatomical connectivity statements from free text
122,Pitfalls in the application of gene-set analysis to genetics studies,Transcriptional and behavioral interaction between 22q11.2 orthologs modulates schizophrenia-related phenotypes in mice,,,the role of indirect connections in gene networks in predicting function
123,Neurocarta: aggregating and sharing disease-gene relations for the neurosciences,Microarray analysis of gene expression following the formalin test in the infant rat,,,activation of mapk pathways links lmna mutations to cardiomyopathy in emery dreifuss muscular dystrophy
124,A methodology for the analysis of differential coexpression across the human lifespan,Molecular aging in human prefrontal cortex is selective and continuous throughout adult life,,,multi model functionalization of disease associated pten missense mutations identifies multiple molecular mechanisms underlying protein dysfunction
125,Differential coexpression in human tissues and the confounding effect of mean expression levels,A Mendelian locus on chromosome 16 determines susceptibility to doxorubicin nephropathy in the mouse,,,evaluation of connectivity map shows limited reproducibility in drug repositioning
126,Progress and challenges in the computational prediction of gene function using networks: 2012-2013 update,Gene expression in juvenile arthritis and spondyloarthropathy: Pro-angiogenic ELR<sup>+</sup> chemokine genes relate to course of arthritis,,,interactive exploration analysis and visualization of complex phenome genome datasets with aspiredb
127,Sharing and reusing gene expression profiling data in neuroscience,Using the gene ontology for microarray data mining: A comparison of methods and application to age effects in human prefrontal cortex,,,meta analysis of gene coexpression networks in the post mortem prefrontal cortex of patients with schizophrenia and unaffected controls
128,VariCarta: A comprehensive database of harmonized genomic variants found in autism spectrum disorder sequencing studies,Gene expression signatures in chronic and aggressive periodontitis: A pilot study,,,a low affinity cis regulatory bmp response element restricts target gene activation to subsets of drosophila neurons
129,Copy number variants (CNVs) analysis in a deeply phenotyped cohort of individuals with intellectual disability (ID),Coexpresion analysis of human genes across many microarray data sets,,,gingival tissue transcriptomes identify distinct periodontitis phenotypes
130,Whole genome sequencing and variant discovery in the ASPIRE autism spectrum disorder cohort,Altered hippocampal transcript profile accompanies an age-related spatial memory deficit in mice,,,the drosophila easily shocked gene a mutation in a phospholipid synthetic pathway causes seizure neuronal failure and paralysis
131,Using text mining to link journal articles to neuroanatomical databases,Support vector machine classification on the web,,,a p53 regulated apoptotic gene signature predicts treatment response and outcome in pediatric acute lymphoblastic leukemia
132,Modeling sources of interlaboratory variability in electrophysiological properties of mammalian neurons,Gene Expression Profiling of Depression and Suicide in Human Prefrontal Cortex,,,hierarchical model of gene regulation by transforming growth factor β
133,Gist support vector machine and kernel principal components analysis software toolkit,Cluster analysis of genes with significant change in expression in cells conditioned to survive TBOOH,,,linking wikidata to the rest of the semantic web
134,Combining microarray expression data and phylogenetic profiles to learn gene functional categories using support vector machines,Bioinformatic analysis of autism positional candidate genes using biological databases and computational gene network prediction,,,genomic signatures predict migration and spawning failure in wild canadian salmon
135,Curation of over 10 000 transcriptomic studies to enable data reuse,Sex genes for genomic analysis in human brain: Internal controls for comparison of probe level data extraction,,,transcriptomes in healthy and diseased gingival tissues
136,Unpacking the heterogeneity of cognitive functioning in children and adolescents with fetal alcohol spectrum disorder: determining the role of moderators and strengths,Hierarchical model of gene regulation by transforming growth factor β,,,in silico discovery of small molecules for efficient stem cell differentiation into definitive endoderm
137,Expansion of the QARS deficiency phenotype with report of a family with isolated supratentorial brain abnormalities,The effect of replication on gene expression microarray experiments,,,diverse epigenetic strategies interact to control epidermal differentiation
138,Microarray analysis of gene expression following the formalin test in the infant rat,Inducible enhancement of memory storage and synaptic plasticity in transgenic mice expressing an inhibitor of ATF4 (CREB-2) and C/EBP proteins,,,consequences of high temperatures and premature mortality on the transcriptome and blood physiology of wild adult sockeye salmon oncorhynchus nerka
139,Classification of genes using probabilistic models of microarray expression profiles.,Classification and subtype prediction of adult soft tissue sarcoma by functional genomics,,,outcome of array cgh analysis for 255 subjects with intellectual disability and search for candidate genes using bioinformatics
140,Protease-Inhibitor Interaction Predictions: Lessons on the Complexity of Protein–Protein Interactions,Classification of clear-cell sarcoma as a subtype of melanoma by genomic profiling,,,progress and challenges in the computational prediction of gene function using networks 2012 2013 update
141,Application and evaluation of automated semantic annotation of gene expression experiments,Matrix2png: A utility for visualizing matrix data,,,transcriptomic correlates of electrophysiological and morphological diversity within and across excitatory and inhibitory neuron classes
142,Meta-analysis of kindling-induced gene expression changes in the rat hippocampus,Using ANOVA for gene selection from microarray studies of the nervous system,,,profiling placental and fetal dna methylation in human neural tube defects
143,Estimating and correcting for off-target cellular contamination in brain cell type specific RNA-seq data,Differential amplification of gene expression in lens cell lines conditioned to survive peroxide stress,,,periodontal therapy alters gene expression of peripheral blood monocytes
144,"Multi-parametric analysis of 57 SYNGAP1 variants reveal impacts on GTPase signaling, localization, and protein stability",Cutting edge: STAT6 serves as a positive and negative regulator of gene expression in IL-4-stimulated B lymphocytes,,,systematic phenomics analysis of autism associated genes reveals parallel networks underlying reversible impairments in habituation
145,Monitoring changes in the Gene Ontology and their impact on genomic data analysis,Exploring gene expression data with class scores.,,,β catenin tcf lef controls a differentiation associated transcriptional program in renal epithelial progenitors
146,A p53-regulated apoptotic gene signature predicts treatment response and outcome in pediatric acute lymphoblastic leukemia,Learning gene functional classifications from multiple data types,,,gene functional classification from heterogeneous data
147,ModelMatcher: A scientist‐centric online platform to facilitate collaborations between stakeholders of rare and undiagnosed disease research,Analysis of strain and regional variation in gene expression in mouse brain.,,,using anova for gene selection from microarray studies of the nervous system
148,Metaanalysis of flawed expression profiling data leading to erroneous Parkinson's biomarker identification,Promoter region-based classification of genes.,,,cross laboratory analysis of brain cell type transcriptomes with applications to interpretation of bulk tissue data
149,Comparison of techniques for correlating survival and gene expression data from wild salmon,Pair recordings reveal all-silent synaptic connections and the postsynaptic expression of long-term potentiation,,,transcriptomic evidence for alterations in astrocytes and parvalbumin interneurons in subjects with bipolar disorder and schizophrenia
150,Bioinformatics techniques in microarray research: applied microarray data analysis using R and SAS software,A high-throughput study of gene expression in preterm labor with a subtractive microarray approach,,,
151,Cluster analysis of genes with significant change in expression in cells conditioned to survive TBOOH,Gene functional classification from heterogeneous data,,,
152,“Guilt by association” is not competitive with genetic association for identifying autism risk genes,Molecular and functional heterogeneity of hyperpolarization-activated pacemaker channels in the mouse CNS,,,
153,ISDN2014_0418: DNA methylation changes in fetal alcohol spectrum disorder,Presynaptic protein kinase activity supports long-term potentiation at synapses between individual hippocampal neurons,,,
154,"Interactive exploration, analysis, and visualization of complex phenome–genome datasets with ASPIREdb",Synaptic transmission in pair recordings from CA3 pyramidal cells in organotypic culture,,,
155,Mega-analysis of gene expression in mouse models of Alzheimer’s Disease,Basal and apical synapses of CA1 pyramidal cells employ different LTP induction mechanisms,,,
156,Linking Wikidata to the Rest of the Semantic Web.,Seizures and failures in the giant fiber pathway of Drosophila bang- sensitive paralytic mutants,,,
157,Cognitive Domains Function Complementation by NTNG Gene Paralogs,"The Drosophila easily shocked gene: A mutation in a phospholipid synthetic pathway causes seizure, neuronal failure, and paralysis",,,
158,Effect of electroconvulsive shock and magnetic seizure on gene expression profiles in the prefrontal cortex of the rhesus monkey,,,,
159,Gist,,,,
160,In silico discovery of small molecules for efficient stem cell differentiation into definitive endoderm,,,,
161,A low affinity cis-regulatory BMP response element restricts target gene activation to subsets of Drosophila neurons,,,,
162,The Canadian Open Neuroscience Platform—An open science framework for the neuroscience community,,,,
163,Experiment level curation of transcriptional regulatory interactions in neurodevelopment,,,,
164,VariCarta: a comprehensive database of harmonized genomic variants found in ASD sequencing studies,,,,
165,Integration of neuroimaging and Microarray Datasets through Mapping and Model-Theoretic semantic Decomposition of Unstructured phenotypes,,,,
166,Gist: Support vector machine 1.0,,,,
167,Large-scale analysis of brain-wide electrophysiological diversity reveals novel characterization of mammalian neuron types,,,,
168,The NeuroDevNet Neuroinformatics Core.,,,,
169,Cross-scale mapping of gene expression to neuroimaging datasets via semantic decomposition,,,,
170,Open science in play and in tension with patent protections,,,,
171,Characterizing the targets of transcription regulators by aggregating ChIP-seq and perturbation expression data sets,,,,
172,ASSESSING THE UTILITY OF PHARMACOGENETIC TESTING IN A COHORT WITH TREATMENT-RESISTANT SCHIZOPHRENIA OR SCHIZOAFFECTIVE DISORDER,,,,
173,Cataloging the potential functional diversity of Cacna1e splice variants using long-read sequencing,,,,
174,TU71. SIGNIFICANT INCIDENCE OF RARE CHROMOSOMAL AND GENOMIC SEQUENCE VARIANTS IN HIGHLY TREATMENT-RESISTANT SCHIZOPHRENIA AND SCHIZOAFFECTIVE DISORDER,,,,
175,Single-Cell Genomic Strategies to Understand Psychopathological Processes in Suicide and Associated Psychopathology,,,,
176,Experiment level curation identifies high confidence transcriptional regulatory interactions in neurodevelopment,,,,
177,Can machine learning aid in identifying disease genes? The case of autism spectrum disorder,,,,
178,Single-Cell Genomic Strategies to Understand Psychopathological Processes in Depression and Suicide,,,,
179,Systematic phenomics analysis of ASD-associated genes reveals shared functions and parallel networks underlying reversible impairments in habituation learning,,,,
180,A critical assessment of single-cell transcriptomes sampled following patch-clamp electrophysiology,,,,
181,Cellular and Molecular Properties of Neurons: Modeling sources of interlaboratory variability in electrophysiological properties of mammalian neurons,,,,
182,11. Changes in Cellular Abundance Underlying Transcriptional Alterations in Psychiatric Patients,,,,
183,Interpreting Cell-Type-Specific Changes in Bulk Tissue Transcriptomics Data,,,,
184,Whose sample is it anyway? Widespread misannotation of samples in transcriptomics studies [version 2; peer review,,,,
185,samples in transcriptomics studies [version 1; referees: 2,,,,
186,PS73. Changes in neuronal densities underlying transcriptional alterations in psychiatric patients,,,,
187,Changes in neuronal densities underlying transcriptional alterations in psychiatric patients,,,,
188,A6. 08 Transcriptome profiling by next generation sequencing of hematopoietic progenitors in murine systemic lupus erythematosus (SLE),,,,
189,Whose sample is it anyway? Widespread misannotation of samples in transcriptomics studies [version 1; referees: awaiting,,,,
190,Application of large-scale text-mining and curation for extracting neuronal electrophysiology data,,,,
191,Gene coexpression analysis in the frontal cortex of bipolar patients and controls,,,,
192,Application and evaluation of automated methods to extract brain connectivity statements from free text,,,,
193,A Primate-Specific and Brain-Enriched miRNA is Involved in Depression and Regulates the Expression of GRM4,,,,
194,Large-Scale Network and Machine-Learning Analyses Reveal Functional Connectivity Between Temporal Pole and Hippocampus is Reduced in Social Anxiety Disorder and Increases …,,,,
195,"Data and design files for 6 public datasets used in"" Genome-wide expression profiling of schizophrenia using a large combined cohort"" Mistry, M. and Gillis, J. and Pavlidis, P …",,,,
196,"Data from"" Assessing identity, redundancy and confounds in Gene Ontology annotations over time""",,,,
197,"Cross-validation calculation from"" Guilt by Association"" Is the Exception Rather Than the Rule in Gene Networks Gillis, J. and Pavlidis, P.(2012) PLoS Computational Biology, 8 (3).",,,,
198,"Use case: The postsynaptic proteome, from"" Assessing identity, redundancy and confounds in Gene Ontology annotations over time""",,,,
199,"Corrigendum to Cortical functional connectivity decodes subconscious, task-irrelevant threat related emotion processing [Neuroimage 61/4 (2012) 1355–1363]",,,,
200,Follow up: Progress and challenges in the,,,,
201,PROGRAMMING OF NEURAL GENE EXPRESSION RESPONSE TO ADJUVANT-INDUCED ARTHRITIS BY PRENATAL DIET IN A RAT MODEL OF PRENATAL ALCOHOL EXPOSURE,,,,
202,Analysis of Gene Networks in Schizophrenia and the Challenge of Multifunctionality,,,,
203,Decoding Unattended Fearful Faces with Whole-Brain Correlations: An Approach to Identify Condition,,,,
204,ÔØ Å ÒÙ× Ö ÔØ,,,,
205,"Exceptional Edges matrices from"" Guilt by Association"" Is the Exception Rather Than the Rule in Gene Networks Gillis, J. and Pavlidis, P.(2012) PLoS Computational Biology, 8 (3).",,,,
206,"Gene Ontology matrices (with descriptions, IDs, etc) from"" Guilt by Association"" Is the Exception Rather Than the Rule in Gene Networks. Gillis, J. and Pavlidis, P.(2012) PLoS …",,,,
207,"Gene lists from Gillis, J. and Pavlidis, P.(2012) PLoS Computational Biology, 8 (3).",,,,
208,P091 Neurocarta: online platform for integration and sharing of phenotypic and genomics information,,,,
209,Sharing Expression Profiling Data with Gemma,,,,
210,Analysis of Gene Expression Profiles in Schizophrenia Using a Large Combined Cohort,,,,
211,Differential Gene Expression in Schizophrenia and Bipolar Disorder in the Corpus Callosum,,,,
212,"Network data from The role of indirect connections in gene networks in predicting function Gillis, J. and Pavlidis, P.(2011) Bioinformatics, 27 (13). pp. 1860-1866.",,,,
213,"Gene lists from The role of indirect connections in gene networks in predicting function Gillis, J. and Pavlidis, P.(2011) Bioinformatics, 27 (13). pp. 1860-1866.",,,,
214,"Gene Ontology matrices from The role of indirect connections in gene networks in predicting function Gillis, J. and Pavlidis, P.(2011) Bioinformatics, 27 (13). pp. 1860-1866.",,,,
215,"Figure data from"" The role of indirect connections in gene networks in predicting function"" Gillis, J. and Pavlidis, P.(2011) Bioinformatics, 27 (13). pp. 1860-1866.",,,,
216,Coexpression Based Gene Discovery in the Post-Synaptic Proteome,,,,
217,Crosslaboratory comparison of human postmortem brain expression profiling data,,,,
218,Identification of three distinct blood mononuclear cell gene expression signatures reveals heterogeneity of recent onset polyarticular juvenile idiopathic arthritis,,,,
219,GP 5.10 MAPK signaling pathway is commonly activated in hearts of mouse models of autosomal dominant and X-linked Emery–Dreifuss muscular dystrophy,,,,
220,Methodology for analyzing temporal patterns of differential coexpression using meta-analysis,,,,
221,Toll-like receptor 4 (TLR4)-dependent gene expression in a murine model of bacterially induced preterm labor.,,,,
222,Gene Expression in Lens Epithelial Cell Lines Conditioned to Survive H2O2 or TBHP,,,,
223,Cutting Edge: STAT6 Serves as a Positive and,,,,
224,GENERAL OBSTETRICS AND GYNECOLOGY-Fetus-Placenta-Newborn-A high-throughput study of gene expression in preterm labor with a subtractive microarray approach-The subtractive DNA …,,,,
225,Systematic phenomics analysis of ASD-associated genes reveals shared functions and,,,,
226,"Physiological, behavioral and molecular analysis of bang-sensitive paralytic mutants of Drosophila melanogaster",,,,
227,DROSOPHILA MUTATIONS AFFECTING ELECTRICAL EXCITABILITY,,,,
228,"Michael Smith Laboratories, University of British Columbia, Vancouver BC, Canada Department of Psychiatry, University of British Columbia, Vancouver BC, Canada Corresponding …",,,,
229,Multi-Model Functionalization of 106 PTEN Missense Mutations Identifies Multiple Molecular Mechanisms Underlying Protein Dysfunction,,,,
230,Availability: This version is available at: http://porto. polito. it/2649752/since: September 2016,,,,
231,Monitoring changes in the Gene Ontology and their impact on genomic data analysis,,,,
232,Classification of Clear Cell Sarcoma as Melanoma of Soft Parts by Genomic Profiling,,,,
233,SUPPLEMENTARY INFORMATION FOR,,,,
234,Neurocarta: online plaIorm for integration and sharing of phenotypic and genomics information,,,,
235,Neurocarta: aggregating and sharing disease-‐gene relations for the interpretation of genomics studies,,,,
236,Variant selection Gene exploration,,,,
237,Supplementary: Santiago & Potashkin (2015) reanalysis,,,,
238,Supplemental Data Zac1 Regulates an Imprinted Gene Network Critically Involved in the Control of Embryonic Growth,,,,
239,Basal and apical synapses of CA1 pyramidal cells employ different,,,,
240,NAR Molecular Biology Database Collection entry number 1476,,,,
241,LIVE DEMOS in INCF booth# 4112 atSfN in San Diego,,,,
242,Supplemental Data Histone Deacetylase Inhibition Elicits an Evolutionarily Conserved Self-Renewal Program in Embryonic Stem Cells,,,,
243,DATABASE Editorial Board 2010,,,,
244,Paul Pavlidis and William Stafford Noble Columbia Genome Center and Department of Computer Science Columbia University Corresponding author,,,,
